question_id,question_type,stem,option_a,option_b,option_c,option_d,option_e,option_f,correct_answer,correct_answer_text,explanation,explanation_clean,detailed_explanation,topic
301,MCQ,"60-year-old woman with obesity, CKD, prior gastrectomy, knee replacement, and claustrophobia. Which is a relative contraindication to technetium-99m myocardial perfusion scintigraphy?",Obesity,Claustrophobia,Metal implants,Renal dysfunction,Gastrectomy,,E,E — Gastrectomy,Prior gastrectomy can reduce uptake and biodistribution of technetium-99m and reduce test sensitivity.,Prior gastrectomy can reduce uptake and biodistribution of technetium-99m and reduce test sensitivity.,"Correct answer: E — Gastrectomy. Prior gastrectomy can reduce uptake and biodistribution of technetium-99m and reduce test sensitivity. In nuclear cardiology questions, look for the factor that most directly changes tracer handling, image quality, or test interpretation. Exam tip: pick the option that best matches the whole stem, not just the first clue that looks familiar.",Nuclear cardiology
302,MCQ,"ESRD patient undergoing coronary angiography has dense circumferential calcification and a moderate left-main lesion. Histologically, what most likely predominates in this stenosis?",Vascular smooth muscle cells,Fibroblasts,Macrophages,T cells,Sertoli cells,,A,A — Vascular smooth muscle cells,Medial calcification in ESRD is driven largely by vascular smooth muscle cell osteogenic transformation.,Medial calcification in ESRD is driven largely by vascular smooth muscle cell osteogenic transformation.,"Correct answer: A — Vascular smooth muscle cells. Medial calcification in ESRD is driven largely by vascular smooth muscle cell osteogenic transformation. In pathology questions, focus on the hallmark histology and the time course described rather than on nonspecific distractors. Exam tip: for mechanism or pathology questions, anchor your choice to the defining morphologic or molecular hallmark.",Pathology
303,MCQ,Commotio cordis after blunt chest trauma most directly impacts which cardiac chamber?,Left ventricle,Left atrium,Right ventricle,Right atrium,Aorta,,C,C — Right ventricle,The right ventricle lies most anteriorly behind the sternum and is most directly struck in blunt precordial trauma.,The right ventricle lies most anteriorly behind the sternum and is most directly struck in blunt precordial trauma.,"Correct answer: C — Right ventricle. The right ventricle lies most anteriorly behind the sternum and is most directly struck in blunt precordial trauma. Exam tip: pick the option that best matches the whole stem, not just the first clue that looks familiar.",Trauma
304,MCQ,Acute chest pain with T-wave inversion in V1 and V2 is most likely associated with occlusion of which artery?,Right coronary artery,Left circumflex artery,Proximal LAD artery,Distal LAD artery,,,C,C — Proximal LAD artery,Septal T-wave inversion in V1–V2 localizes to septal branches of the proximal LAD.,Septal T-wave inversion in V1–V2 localizes to septal branches of the proximal LAD.,"Correct answer: C — Proximal LAD artery. Septal T-wave inversion in V1–V2 localizes to septal branches of the proximal LAD. Exam tip: pick the option that best matches the whole stem, not just the first clue that looks familiar.",ECG/Ischemia
305,MCQ,"Hypertensive patient on multiple medications develops hypokalemia, hypercalcemia, hyperuricemia, and hyperglycemia. Which drug is most likely responsible?",Alpha-methyldopa,Hydrochlorothiazide,Furosemide,Spironolactone,,,B,B — Hydrochlorothiazide,Hydrochlorothiazide causes the full metabolic pattern described.,Hydrochlorothiazide causes the full metabolic pattern described.,"Correct answer: B — Hydrochlorothiazide. Hydrochlorothiazide causes the full metabolic pattern described. Exam tip: pick the option that best matches the whole stem, not just the first clue that looks familiar.",Pharmacology
306,MCQ,"Patient with severe emphysema and recent MI has exertional dyspnea, S3, basal rales, and holosystolic apical murmur without edema. Most likely diagnosis?",Right-sided heart failure,Pulmonary embolism,Left-sided heart failure,Cor pulmonale,,,C,C — Left-sided heart failure,"S3, pulmonary congestion, and apical holosystolic murmur point to left-sided heart failure.","S3, pulmonary congestion, and apical holosystolic murmur point to left-sided heart failure.","Correct answer: C — Left-sided heart failure. S3, pulmonary congestion, and apical holosystolic murmur point to left-sided heart failure. Exam tip: for diagnosis questions, identify the single option that explains the entire clinical pattern rather than only one isolated clue.",Heart failure
307,MCQ,"Patient with systolic heart failure is taking lisinopril, hydralazine, and furosemide. Which additional drug best reduces symptoms and long-term mortality?",Carvedilol,Nitroglycerin,Amlodipine,Verapamil,Digoxin,,A,A — Carvedilol,Beta-blockers such as carvedilol improve symptoms and survival in HFrEF.,Beta-blockers such as carvedilol improve symptoms and survival in HFrEF.,"Correct answer: A — Carvedilol. Beta-blockers such as carvedilol improve symptoms and survival in HFrEF. Exam tip: pick the option that best matches the whole stem, not just the first clue that looks familiar.",Heart failure
308,MCQ,Small yellow clustered papules on elbows and buttocks are most strongly associated with elevation in which lab?,LDL cholesterol,HDL cholesterol,Triglycerides,Total cholesterol,,,C,C — Triglycerides,Eruptive xanthomas are classically linked to severe hypertriglyceridemia.,Eruptive xanthomas are classically linked to severe hypertriglyceridemia.,"Correct answer: C — Triglycerides. Eruptive xanthomas are classically linked to severe hypertriglyceridemia. In lipid questions, link the biochemical abnormality to the lipoprotein pathway and the classic clinical or laboratory pattern. Exam tip: pick the option that best matches the whole stem, not just the first clue that looks familiar.",Lipid disorders
309,MCQ,"QT interval of 490 ms with recurrent palpitations and syncope, including during sleep. What does this suggest?",Brugada syndrome,Wolff-Parkinson-White syndrome,Long QT syndrome,Atrial fibrillation,,,C,C — Long QT syndrome,QT prolongation with syncope suggests long QT syndrome and risk of torsades de pointes.,QT prolongation with syncope suggests long QT syndrome and risk of torsades de pointes.,"Correct answer: C — Long QT syndrome. QT prolongation with syncope suggests long QT syndrome and risk of torsades de pointes. Exam tip: pick the option that best matches the whole stem, not just the first clue that looks familiar.",Arrhythmia
310,MCQ,Systemic sclerosis patient has a parasternal short-axis D-shaped LV during systole with D2/D1 ratio 1.3. What is the most likely interpretation?,Normal LV geometry,Right ventricular volume overload,Right ventricular pressure overload,Left ventricular systolic dysfunction,,,C,C — Right ventricular pressure overload,A systolic D-sign indicates RV pressure overload; RV volume overload causes septal flattening mainly in diastole.,A systolic D-sign indicates RV pressure overload; RV volume overload causes septal flattening mainly in diastole.,"Correct answer: C — Right ventricular pressure overload. A systolic D-sign indicates RV pressure overload; RV volume overload causes septal flattening mainly in diastole. Exam tip: pick the option that best matches the whole stem, not just the first clue that looks familiar.",Echo/RV
311,MCQ,Nephrotic-range proteinuria with Congo-red-positive biopsy and apple-green birefringence under polarized light indicates:,Gaucher disease,Amyloidosis,Hunter syndrome,Hypereosinophilic syndrome,,,B,B — Amyloidosis,Apple-green birefringence with Congo red is pathognomonic for amyloid deposition.,Apple-green birefringence with Congo red is pathognomonic for amyloid deposition.,"Correct answer: B — Amyloidosis. Apple-green birefringence with Congo red is pathognomonic for amyloid deposition. In pathology questions, focus on the hallmark histology and the time course described rather than on nonspecific distractors. Exam tip: pick the option that best matches the whole stem, not just the first clue that looks familiar.",Pathology
312,MCQ,Acute decompensated heart failure with low output and poor perfusion. Which drug directly enhances contractility in the acute setting?,Milrinone,Metoprolol,Furosemide,Lisinopril,,,A,A — Milrinone,Milrinone is a PDE-3 inhibitor that acutely increases inotropy and reduces afterload.,Milrinone is a PDE-3 inhibitor that acutely increases inotropy and reduces afterload.,"Correct answer: A — Milrinone. Milrinone is a PDE-3 inhibitor that acutely increases inotropy and reduces afterload. Exam tip: pick the option that best matches the whole stem, not just the first clue that looks familiar.",Heart failure
313,MCQ,"For CT coronary angiography, which factor is NOT associated with challenging scan acquisition?",High body mass index,Cardiac arrhythmia,Symptomatic respiratory disease,Metallic implants,Low R-R variability,,E,E — Low R-R variability,Low R-R variability actually favors good image acquisition.,Low R-R variability actually favors good image acquisition.,"Correct answer: E — Low R-R variability. Low R-R variability actually favors good image acquisition. Exam tip: when asked about investigation, select the test that most directly confirms the suspected diagnosis or answers the exact question being asked.",CT imaging
314,MCQ,"CKD patient with thrombocytopenia, large pericardial effusion, and heterogeneous pericardial mass with irregular borders. Best modality for tissue characterization?",Cardiac CT,CMR,TEE,Nuclear test,,,B,B — CMR,Cardiac MRI provides the best tissue characterization of pericardial and cardiac masses.,Cardiac MRI provides the best tissue characterization of pericardial and cardiac masses.,"Correct answer: B — CMR. Cardiac MRI provides the best tissue characterization of pericardial and cardiac masses. Exam tip: for mechanism or pathology questions, anchor your choice to the defining morphologic or molecular hallmark.",CMR
315,MCQ,Which is an absolute contraindication to CMR at 1.5 Tesla?,Bioprosthetic AVR <6 weeks ago,Drug-eluting stent in LAD <24 hours ago,Implantable loop recorder in situ,Intra-ocular metallic foreign body,Legacy dual-chamber pacemaker,,D,D — Intra-ocular metallic foreign body,Intra-ocular metallic foreign bodies are an absolute MRI contraindication because of movement and thermal risk.,Intra-ocular metallic foreign bodies are an absolute MRI contraindication because of movement and thermal risk.,"Correct answer: D — Intra-ocular metallic foreign body. Intra-ocular metallic foreign bodies are an absolute MRI contraindication because of movement and thermal risk. Exam tip: pick the option that best matches the whole stem, not just the first clue that looks familiar.",CMR
316,MCQ,"65-year-old with heart failure has nausea, confusion, and yellow-green halos around lights. Most likely cause?",Amiodarone toxicity,Digoxin toxicity,Ethambutol toxicity,Sildenafil side effect,,,B,B — Digoxin toxicity,Xanthopsia with GI and CNS symptoms is classic for digoxin toxicity.,Xanthopsia with GI and CNS symptoms is classic for digoxin toxicity.,"Correct answer: B — Digoxin toxicity. Xanthopsia with GI and CNS symptoms is classic for digoxin toxicity. Exam tip: pick the option that best matches the whole stem, not just the first clue that looks familiar.",Pharmacology
317,MCQ,"PISA for MR: radius 0.7 cm, aliasing velocity 40 cm/s, peak MR velocity 300 cm/s. Approximate EROA?",0.18 cm²,0.31 cm²,0.41 cm²,0.51 cm²,,,C,C — 0.41 cm2,EROA = 2πr² × aliasing velocity / peak MR velocity ≈ 0.41 cm².,EROA = 2πr2 × aliasing velocity / peak MR velocity ≈ 0.41 cm2.,"Correct answer: C — 0.41 cm2. EROA = 2πr2 × aliasing velocity / peak MR velocity ≈ 0.41 cm2. Exam tip: pick the option that best matches the whole stem, not just the first clue that looks familiar.",Echo/MR
318,MCQ,"Rheumatic mitral stenosis with LVOT diameter 2.2 cm, LVOT VTI 23 cm, and MV VTI 80 cm. What is the calculated mitral valve area?",1.2 cm²,1.1 cm²,1.0 cm²,0.9 cm²,Cannot be calculated from these parameters,,B,B — 1.1 cm2,Mitral valve area by continuity equation is about 1.09 cm².,Mitral valve area by continuity equation is about 1.09 cm2.,"Correct answer: B — 1.1 cm2. Mitral valve area by continuity equation is about 1.09 cm2. Exam tip: pick the option that best matches the whole stem, not just the first clue that looks familiar.",Echo/Valves
319,MCQ,A 65-year-old man dies about 12 hours after STEMI. Which microscopic finding is most likely in the infarcted myocardium?,Necrotic myocardial fibers and wavy fibers,Dense collagenous scar,Granulation tissue with capillaries and fibroblasts,Diffuse chronic lymphocytic infiltrate,,,A,A — Necrotic myocardial fibers and wavy fibers,"At 6–24 hours after MI, coagulative necrosis with wavy fibers is expected.","At 6–24 hours after MI, coagulative necrosis with wavy fibers is expected.","Correct answer: A — Necrotic myocardial fibers and wavy fibers. At 6–24 hours after MI, coagulative necrosis with wavy fibers is expected. Exam tip: for mechanism or pathology questions, anchor your choice to the defining morphologic or molecular hallmark.",Pathology/MI
320,MCQ,Which molecular target explains drug-induced acquired long-QT syndrome?,SCN5A-encoded sodium channel,Voltage-gated sodium channel,Inhibition of KCNH2-encoded HERG potassium channel,Inhibition of calcium channel,,,C,C — Inhibition of KCNH2-encoded HERG potassium channel,Most drugs causing acquired QT prolongation block the HERG potassium channel.,Most drugs causing acquired QT prolongation block the HERG potassium channel.,"Correct answer: C — Inhibition of KCNH2-encoded HERG potassium channel. Most drugs causing acquired QT prolongation block the HERG potassium channel. Exam tip: pick the option that best matches the whole stem, not just the first clue that looks familiar.",Arrhythmia
321,MCQ,Mid-to-late systolic murmur at the apex and aortic area preceded by a sharp systolic click. Most likely cause?,Posterior mitral leaflet prolapse,Anterior mitral leaflet prolapse,Valvular aortic stenosis,Subvalvular aortic membrane,,,A,A — Posterior mitral leaflet prolapse,Posterior leaflet prolapse can direct MR anteriorly toward the aortic area.,Posterior leaflet prolapse can direct MR anteriorly toward the aortic area.,"Correct answer: A — Posterior mitral leaflet prolapse. Posterior leaflet prolapse can direct MR anteriorly toward the aortic area. In valvular questions, timing of symptoms, prosthesis type, and echocardiographic morphology are major clues to the underlying valve complication. Exam tip: pick the option that best matches the whole stem, not just the first clue that looks familiar.",Valvular
322,MCQ,Progressive fatigue and exertional dyspnea with Kussmaul sign and a sharp early-diastolic precordial sound. Most likely diagnosis?,Right ventricular infarct,Tricuspid stenosis,Constrictive pericarditis,Restrictive cardiomyopathy,,,C,C — Constrictive pericarditis,Kussmaul sign plus a pericardial knock is classic for constrictive pericarditis.,Kussmaul sign plus a pericardial knock is classic for constrictive pericarditis.,"Correct answer: C — Constrictive pericarditis. Kussmaul sign plus a pericardial knock is classic for constrictive pericarditis. Exam tip: for diagnosis questions, identify the single option that explains the entire clinical pattern rather than only one isolated clue.",Pericardial disease
323,MCQ,55-year-old with chest pain at rest has preexcitation on resting ECG. What should the next evaluation include?,Exercise stress test,Coronary angiogram,Referral to an electrophysiologist,Exercise myocardial perfusion imaging,,,D,D — Exercise myocardial perfusion imaging,Routine exercise ECG alone is not appropriate with preexcitation; imaging-based ischemia testing is preferred in this item.,Routine exercise ECG alone is not appropriate with preexcitation; imaging-based ischemia testing is preferred in this item.,"Correct answer: D — Exercise myocardial perfusion imaging. Routine exercise ECG alone is not appropriate with preexcitation; imaging-based ischemia testing is preferred in this item. Exam tip: pick the option that best matches the whole stem, not just the first clue that looks familiar.",Ischemia testing
324,MCQ,56-year-old develops discomfort in the right groin 3 days after diagnostic catheterization and has a loud continuous femoral bruit. What test should be ordered next?,Complete lower-extremity angiogram,CT scan of the pelvis,Ultrasound evaluation of the right groin,No work-up needed,,,C,C — Ultrasound evaluation of the right groin,A new post-cath femoral bruit suggests AV fistula or pseudoaneurysm; duplex ultrasound is first-line.,A new post-cath femoral bruit suggests AV fistula or pseudoaneurysm; duplex ultrasound is first-line.,"Correct answer: C — Ultrasound evaluation of the right groin. A new post-cath femoral bruit suggests AV fistula or pseudoaneurysm; duplex ultrasound is first-line. Exam tip: when asked about investigation, select the test that most directly confirms the suspected diagnosis or answers the exact question being asked.",Cath complications
325,MCQ,"Acute inferior MI with BP 90/60, JVP 16 cm H2O rising with inspiration, and clear lungs. Appropriate low-BP treatment should include:",IV bolus of normal saline,Normal saline and dobutamine infusion if BP is still low,IV Lasix,Norepinephrine infusion,,,B,B — Normal saline and dobutamine infusion if BP is still low,This is RV infarction; preload support with fluids and inotropy if needed is appropriate.,This is RV infarction; preload support with fluids and inotropy if needed is appropriate.,"Correct answer: B — Normal saline and dobutamine infusion if BP is still low. This is RV infarction; preload support with fluids and inotropy if needed is appropriate. Exam tip: when the question asks for the next best step, choose the most appropriate immediate action for the stage described in the stem.",ACS/RV infarct
326,MCQ,In which HFrEF patient is coronary angiography most clearly indicated?,"52-year-old with EF 30%, diabetes, and angina on walking one block","63-year-old with prior STEMI, scar, no reversible ischemia, EF 30%, dyspnea","22-year-old with HF, EF 10%, severely dilated LV",None of the above,,,A,"A — 52-year-old with EF 30%, diabetes, and angina on walking one block","In HFrEF, angiography is clearly indicated when symptomatic angina suggests active ischemia.","In HFrEF, angiography is clearly indicated when symptomatic angina suggests active ischemia.","Correct answer: A — 52-year-old with EF 30%, diabetes, and angina on walking one block. In HFrEF, angiography is clearly indicated when symptomatic angina suggests active ischemia. Exam tip: when asked about investigation, select the test that most directly confirms the suspected diagnosis or answers the exact question being asked.",Heart failure/Ischemia
327,MCQ,"40-year-old woman with pulmonary edema, severe hypertension history, and prior flash pulmonary edema on multidrug therapy. Initial diagnosis?",Pseudohypertension,Primary hyperaldosteronism,Renovascular hypertension,Coarctation of aorta,,,C,C — Renovascular hypertension,Recurrent flash pulmonary edema with severe resistant hypertension suggests bilateral renovascular disease.,Recurrent flash pulmonary edema with severe resistant hypertension suggests bilateral renovascular disease.,"Correct answer: C — Renovascular hypertension. Recurrent flash pulmonary edema with severe resistant hypertension suggests bilateral renovascular disease. Exam tip: pick the option that best matches the whole stem, not just the first clue that looks familiar.",Hypertension
328,MCQ,Which best describes the action of ACE?,Promotes degradation of angiotensin II,Directly stimulates aldosterone synthesis,Stimulates norepinephrine production,Converts angiotensin I to angiotensin II,All of the above,,D,D — Converts angiotensin I to angiotensin II,ACE converts angiotensin I to angiotensin II and also degrades bradykinin.,ACE converts angiotensin I to angiotensin II and also degrades bradykinin.,"Correct answer: D — Converts angiotensin I to angiotensin II. ACE converts angiotensin I to angiotensin II and also degrades bradykinin. Exam tip: pick the option that best matches the whole stem, not just the first clue that looks familiar.",RAAS
329,MCQ,Aortic-valve endocarditis with constitutional symptoms should prompt GI investigation if which organism is isolated?,Haemophilus parainfluenzae,Cardiobacterium hominis,Streptococcus bovis,Enterococcus faecalis,Coagulase-negative staphylococci,,C,C — Streptococcus bovis,S. bovis endocarditis is strongly associated with colonic neoplasia and warrants colonoscopy.,S. bovis endocarditis is strongly associated with colonic neoplasia and warrants colonoscopy.,"Correct answer: C — Streptococcus bovis. S. bovis endocarditis is strongly associated with colonic neoplasia and warrants colonoscopy. Exam tip: when asked about investigation, select the test that most directly confirms the suspected diagnosis or answers the exact question being asked.",Endocarditis
330,MCQ,Woman with prior mediastinal radiotherapy for lymphoma has breathlessness. Which is unlikely to be a cardiac cause?,Constrictive pericarditis,Aortic regurgitation,Severe left-main coronary stenosis,Complete heart block,Pulmonary regurgitation,,E,E — Pulmonary regurgitation,"Mediastinal radiation commonly affects pericardium, aortic valve, coronaries, and conduction system—not isolated pulmonary valve disease.","Mediastinal radiation commonly affects pericardium, aortic valve, coronaries, and conduction system-not isolated pulmonary valve disease.","Correct answer: E — Pulmonary regurgitation. Mediastinal radiation commonly affects pericardium, aortic valve, coronaries, and conduction system-not isolated pulmonary valve disease. Exam tip: pick the option that best matches the whole stem, not just the first clue that looks familiar.",Cardio-oncology
331,MCQ,Post-mastectomy/radiation patient is dyspneic and hypotensive with pulsus paradoxus. Echocardiography will most likely show:,Akinesis of LAD territory,Thickened pericardium,Large pericardial effusion,Large globally hypokinetic LV,,,C,C — Large pericardial effusion,Pulsus paradoxus in this context strongly suggests tamponade from a large pericardial effusion.,Pulsus paradoxus in this context strongly suggests tamponade from a large pericardial effusion.,"Correct answer: C — Large pericardial effusion. Pulsus paradoxus in this context strongly suggests tamponade from a large pericardial effusion. Exam tip: pick the option that best matches the whole stem, not just the first clue that looks familiar.",Pericardial disease
332,MCQ,"A 28-year-old with progressive dyspnea, elevated JVP that rises with inspiration, and a sharp early-diastolic sound most likely has:",Right ventricular infarction,Tricuspid stenosis,Constrictive pericarditis,Restrictive cardiomyopathy,,,C,C — Constrictive pericarditis,Kussmaul sign with a pericardial knock indicates constrictive pericarditis.,Kussmaul sign with a pericardial knock indicates constrictive pericarditis.,"Correct answer: C — Constrictive pericarditis. Kussmaul sign with a pericardial knock indicates constrictive pericarditis. Exam tip: pick the option that best matches the whole stem, not just the first clue that looks familiar.",Pericardial disease
333,MCQ,Biologic actions of ANP and BNP include which of the following?,Inhibition of natriuresis,Activation of the renin-angiotensin-aldosterone system,Pro-fibrotic action,Vasodilatation,Inhibition of guanylate cyclase,,D,D — Vasodilatation,"ANP/BNP cause vasodilation, natriuresis, and RAAS inhibition via particulate guanylate cyclase.","ANP/BNP cause vasodilation, natriuresis, and RAAS inhibition via particulate guanylate cyclase.","Correct answer: D — Vasodilatation. ANP/BNP cause vasodilation, natriuresis, and RAAS inhibition via particulate guanylate cyclase. Exam tip: pick the option that best matches the whole stem, not just the first clue that looks familiar.",Heart failure physiology
334,MCQ,"29-year-old woman 3 months after hip replacement has tachycardia, tachypnea, clear chest, and normal chest X-ray. Best next diagnostic step?",D-dimer,CTPA,Echocardiogram,Troponin,BNP,,B,B — CTPA,"With high suspicion for PE after recent surgery, definitive imaging with CTPA is appropriate.","With high suspicion for PE after recent surgery, definitive imaging with CTPA is appropriate.","Correct answer: B — CTPA. With high suspicion for PE after recent surgery, definitive imaging with CTPA is appropriate. Exam tip: pick the option that best matches the whole stem, not just the first clue that looks familiar.",Pulmonary embolism
335,MCQ,Which substance causes vasodilation and reduces cardiac preload and afterload?,Aldosterone,Endothelin-1,B-type natriuretic peptide,Angiotensin II,,,C,C — B-type natriuretic peptide,"BNP promotes vasodilation, natriuresis, and diuresis, reducing preload and afterload.","BNP promotes vasodilation, natriuresis, and diuresis, reducing preload and afterload.","Correct answer: C — B-type natriuretic peptide. BNP promotes vasodilation, natriuresis, and diuresis, reducing preload and afterload. Exam tip: pick the option that best matches the whole stem, not just the first clue that looks familiar.",Heart failure physiology
336,MCQ,"52-year-old with symptomatic HOCM on maximally tolerated metoprolol, resting LVOT gradient 60 mmHg (90 with Valsalva). Best medication addition?",Verapamil,Lisinopril,Disopyramide,Furosemide,Increase metoprolol further,,C,C — Disopyramide,Disopyramide is the preferred next medical option in symptomatic obstructive HCM despite beta-blocker therapy.,Disopyramide is the preferred next medical option in symptomatic obstructive HCM despite beta-blocker therapy.,"Correct answer: C — Disopyramide. Disopyramide is the preferred next medical option in symptomatic obstructive HCM despite beta-blocker therapy. Exam tip: pick the option that best matches the whole stem, not just the first clue that looks familiar.",HCM
337,MCQ,Best test to monitor the effectiveness and safety of warfarin therapy?,aPTT,Anti-Xa level,INR,Platelet count,,,C,C — INR,"Warfarin prolongs PT, standardized as the INR.","Warfarin prolongs PT, standardized as the INR.","Correct answer: C — INR. Warfarin prolongs PT, standardized as the INR. Exam tip: when asked about investigation, select the test that most directly confirms the suspected diagnosis or answers the exact question being asked.",Anticoagulation
338,MCQ,Which is most likely to be present in a patient with Tetralogy of Fallot?,Left-sided aortic arch,Right-sided aortic arch,Patent ductus arteriosus,Persistent left superior vena cava,,,B,B — Right-sided aortic arch,A right-sided aortic arch occurs in about one-quarter of TOF patients.,A right-sided aortic arch occurs in about one-quarter of TOF patients.,"Correct answer: B — Right-sided aortic arch. A right-sided aortic arch occurs in about one-quarter of TOF patients. In congenital cardiology, pulse discrepancies, murmur location, and the distribution of cyanosis usually point directly to the underlying anatomy. Exam tip: pick the option that best matches the whole stem, not just the first clue that looks familiar.",Congenital
339,MCQ,"School-aged boy with systolic murmur, suprasternal thrill, stronger right brachial pulse than left, and higher right-arm BP. Most likely diagnosis?",Valvular aortic stenosis,Supravalvular aortic stenosis,Subvalvular aortic stenosis,Ventricular septal defect,,,B,B — Supravalvular aortic stenosis,Preferential flow into the brachiocephalic artery in supravalvular AS produces right-greater-than-left brachial pulse and BP.,Preferential flow into the brachiocephalic artery in supravalvular AS produces right-greater-than-left brachial pulse and BP.,"Correct answer: B — Supravalvular aortic stenosis. Preferential flow into the brachiocephalic artery in supravalvular AS produces right-greater-than-left brachial pulse and BP. In congenital cardiology, pulse discrepancies, murmur location, and the distribution of cyanosis usually point directly to the underlying anatomy. Exam tip: for diagnosis questions, identify the single option that explains the entire clinical pattern rather than only one isolated clue.",Congenital
340,MCQ,Patient has findings of combined severe aortic stenosis and aortic regurgitation. Which pulse is most likely present?,Pulsus parvus et tardus,Bisferiens pulse,Pulsus alternans,Pulsus paradoxus,Collapsing pulse,,B,B — Bisferiens pulse,Combined severe AS and AR classically produce a bisferiens pulse.,Combined severe AS and AR classically produce a bisferiens pulse.,"Correct answer: B — Bisferiens pulse. Combined severe AS and AR classically produce a bisferiens pulse. In valvular questions, timing of symptoms, prosthesis type, and echocardiographic morphology are major clues to the underlying valve complication. Exam tip: for mechanism or pathology questions, anchor your choice to the defining morphologic or molecular hallmark.",Valvular
341,MCQ,LDL cholesterol 200 mg/dL and first-line lipid-lowering medication is started. What is its main mechanism?,Inhibition of intestinal cholesterol absorption,Inhibition of HMG-CoA reductase,Inhibition of PCSK9,Activation of lipoprotein lipase,,,B,B — Inhibition of HMG-CoA reductase,"First-line therapy is a statin, which inhibits HMG-CoA reductase.","First-line therapy is a statin, which inhibits HMG-CoA reductase.","Correct answer: B — Inhibition of HMG-CoA reductase. First-line therapy is a statin, which inhibits HMG-CoA reductase. In lipid questions, link the biochemical abnormality to the lipoprotein pathway and the classic clinical or laboratory pattern. Exam tip: pick the option that best matches the whole stem, not just the first clue that looks familiar.",Lipid disorders
342,MCQ,"72-year-old on metoprolol, diltiazem, amiodarone, and digoxin develops diffuse interstitial pulmonary fibrosis. Which medication is most likely responsible?",Metoprolol,Diltiazem,Amiodarone,Digoxin,,,C,C — Amiodarone,Amiodarone can cause dose-dependent interstitial pneumonitis and pulmonary fibrosis.,Amiodarone can cause dose-dependent interstitial pneumonitis and pulmonary fibrosis.,"Correct answer: C — Amiodarone. Amiodarone can cause dose-dependent interstitial pneumonitis and pulmonary fibrosis. Exam tip: pick the option that best matches the whole stem, not just the first clue that looks familiar.",Pharmacology
343,MCQ,CKD patient with decompensated HF on aggressive IV diuresis develops hearing loss and tinnitus. Which drug is most likely responsible?,Lisinopril,Metoprolol,Spironolactone,Bumetanide,Hydralazine,,D,D — Bumetanide,"Loop diuretics such as bumetanide can cause ototoxicity, especially with renal impairment and IV use.","Loop diuretics such as bumetanide can cause ototoxicity, especially with renal impairment and IV use.","Correct answer: D — Bumetanide. Loop diuretics such as bumetanide can cause ototoxicity, especially with renal impairment and IV use. Exam tip: pick the option that best matches the whole stem, not just the first clue that looks familiar.",Pharmacology
344,MCQ,"In aortic atherosclerosis, plaque stability and propensity for acute complications depend chiefly on which component?",Lipid core,Fibrous cap,Medial layer,Calcified deposits,Adventitia,,B,B — Fibrous cap,The fibrous cap is the critical barrier between thrombogenic lipid core and bloodstream; thinning or rupture leads to ACS.,The fibrous cap is the critical barrier between thrombogenic lipid core and bloodstream; thinning or rupture leads to ACS.,"Correct answer: B — Fibrous cap. The fibrous cap is the critical barrier between thrombogenic lipid core and bloodstream; thinning or rupture leads to ACS. In pathology questions, focus on the hallmark histology and the time course described rather than on nonspecific distractors. Exam tip: distinguish between the most likely event in this specific patient and the most common complication overall.",Pathology
345,MCQ,Key molecular mechanism contributing to myocardial injury during ischemia-reperfusion after cardiac arrest?,Enhanced ATP production,Decreased ROS formation,Excessive intracellular cytosolic calcium accumulation,Rapid extrusion of intracellular sodium,Increased nitric oxide synthesis,,C,C — Excessive intracellular cytosolic calcium accumulation,Calcium overload is a central mechanism of reperfusion injury and post-arrest myocardial dysfunction.,Calcium overload is a central mechanism of reperfusion injury and post-arrest myocardial dysfunction.,"Correct answer: C — Excessive intracellular cytosolic calcium accumulation. Calcium overload is a central mechanism of reperfusion injury and post-arrest myocardial dysfunction. Exam tip: pick the option that best matches the whole stem, not just the first clue that looks familiar.",Pathophysiology
346,MCQ,Aorta arises from a chamber with coarse trabeculations and a moderator band. What chamber is it morphologically?,Morphological left ventricle,Morphological right ventricle,Left atrium,Right atrium,Common ventricle,,B,B — Morphological right ventricle,The moderator band and coarse trabeculations identify the morphological right ventricle.,The moderator band and coarse trabeculations identify the morphological right ventricle.,"Correct answer: B — Morphological right ventricle. The moderator band and coarse trabeculations identify the morphological right ventricle. Exam tip: pick the option that best matches the whole stem, not just the first clue that looks familiar.",Congenital anatomy
347,MCQ,"Marker curves after acute MI: Curve A rises earliest and falls within about 24 hours; curve B peaks highest and lasts 5–7 days; curve C peaks around 24 hours and normalizes by days 3–4. What do A, B, and C represent?",Myoglobin; Troponin I/T; CK-MB,CK-MB; Troponin I/T; Myoglobin,Myoglobin; CK-MB; Troponin I/T,CK-MB; Myoglobin; Troponin I/T,,,A,A — Myoglobin; Troponin I/T; CK-MB,"Curve A is myoglobin, B is troponin, and C is CK-MB.","Curve A is myoglobin, B is troponin, and C is CK-MB.","Correct answer: A — Myoglobin; Troponin I/T; CK-MB. Curve A is myoglobin, B is troponin, and C is CK-MB. Exam tip: pick the option that best matches the whole stem, not just the first clue that looks familiar.",Biomarkers
348,MCQ,"Mitral leaflet image shows normal thin anterior and posterior leaflets, both directed into the LV in diastole. Which option best describes this?",Thick; thin; LV; LA,Thick; thick; LV; LV,Thin; thin; LV; LV,Thick; thick; LV; LA,Thin; thin; LV; RA,,C,C — Thin; thin; LV; LV,Normal mitral leaflets are thin and point into the LV cavity in diastole.,Normal mitral leaflets are thin and point into the LV cavity in diastole.,"Correct answer: C — Thin; thin; LV; LV. Normal mitral leaflets are thin and point into the LV cavity in diastole. Exam tip: pick the option that best matches the whole stem, not just the first clue that looks familiar.",Echo/Valves
349,MCQ,"During BP measurement, Korotkoff sounds first appear at 180 mmHg, disappear from 120 to 80 mmHg, then become audible again and finally disappear at 50 mmHg. How should the BP be recorded?",120/50 mmHg,180/80 mmHg,120/80 mmHg,180/50 mmHg,80/50 mmHg,,D,D — 180/50 mmHg,This is an auscultatory gap; true systolic pressure is 180 and diastolic is 50 mmHg.,This is an auscultatory gap; true systolic pressure is 180 and diastolic is 50 mmHg.,"Correct answer: D — 180/50 mmHg. This is an auscultatory gap; true systolic pressure is 180 and diastolic is 50 mmHg. Exam tip: pick the option that best matches the whole stem, not just the first clue that looks familiar.",Clinical methods
350,MCQ,Upper limit of normal for average nighttime blood pressure on ABPM in this question set?,<120/80 mmHg,<120/75 mmHg,<130/80 mmHg,<135/85 mmHg,,,B,B — <120/75 mmHg,The keyed answer uses <120/75 mmHg as the upper limit of normal nighttime BP.,The keyed answer uses <120/75 mmHg as the upper limit of normal nighttime BP.,"Correct answer: B — <120/75 mmHg. The keyed answer uses <120/75 mmHg as the upper limit of normal nighttime BP. Exam tip: pick the option that best matches the whole stem, not just the first clue that looks familiar.",Hypertension/ABPM
351,MCQ,Which finding is consistent with a negative exercise stress test?,Drop in systolic BP >10 mmHg,Upsloping ST depression after starting exercise,Inadequate increase in HR,Relief of angina with nitrate after 5 minutes,Anginal pain at the beginning of the test that improves with exercise,,B,B — Upsloping ST depression after starting exercise,Upsloping ST depression is generally non-diagnostic for ischemia and is considered a negative result in this item.,Upsloping ST depression is generally non-diagnostic for ischemia and is considered a negative result in this item.,"Correct answer: B — Upsloping ST depression after starting exercise. Upsloping ST depression is generally non-diagnostic for ischemia and is considered a negative result in this item. Exam tip: for mechanism or pathology questions, anchor your choice to the defining morphologic or molecular hallmark.",Stress testing
352,MCQ,"During exercise-induced myocardial ischemia, which is typically the earliest physiologic abnormality?",Reduced perfusion,Diastolic and systolic LV dysfunction,Abnormal lactate metabolism,ECG changes,Angina,,A,A — Reduced perfusion,Reduced perfusion is the earliest event in the ischemic cascade.,Reduced perfusion is the earliest event in the ischemic cascade.,"Correct answer: A — Reduced perfusion. Reduced perfusion is the earliest event in the ischemic cascade. Exam tip: pick the option that best matches the whole stem, not just the first clue that looks familiar.",Ischemia physiology
353,MCQ,"48-year-old woman with symptomatic severe rheumatic mitral stenosis (MVA 1.0 cm²), trace MR, favorable valve score 6/16. Next best step before PMBV?",Optimize medical therapy only,Refer for surgical MVR,Perform TEE,Proceed directly to PMC,Repeat TTE in 6 months,,C,C — Perform TEE,TEE is required to exclude LA/LAA thrombus before balloon mitral valvotomy.,TEE is required to exclude LA/LAA thrombus before balloon mitral valvotomy.,"Correct answer: C — Perform TEE. TEE is required to exclude LA/LAA thrombus before balloon mitral valvotomy. In valvular questions, timing of symptoms, prosthesis type, and echocardiographic morphology are major clues to the underlying valve complication. Exam tip: when the question asks for the next best step, choose the most appropriate immediate action for the stage described in the stem.",Valvular
354,MCQ,"Cardiogenic shock several days after MI with elevated JVP, crackles, and new apical holosystolic murmur. Which artery is most likely involved?",Left circumflex artery,Right coronary artery,Left anterior descending artery,Obtuse marginal branch,,,B,B — Right coronary artery,Acute severe MR from posteromedial papillary muscle rupture is usually due to RCA infarction.,Acute severe MR from posteromedial papillary muscle rupture is usually due to RCA infarction.,"Correct answer: B — Right coronary artery. Acute severe MR from posteromedial papillary muscle rupture is usually due to RCA infarction. Exam tip: pick the option that best matches the whole stem, not just the first clue that looks familiar.",ACS/Mechanical complications
355,MCQ,Stress perfusion study shows a fully reversible anterior wall and septal defect involving >30% of myocardium. Recommended management?,Coronary angiography,Medical management only,Perform stress echo,None of the above,,,A,A — Coronary angiography,A large reversible anterior/septal defect indicates high-risk ischemia and warrants angiography.,A large reversible anterior/septal defect indicates high-risk ischemia and warrants angiography.,"Correct answer: A — Coronary angiography. A large reversible anterior/septal defect indicates high-risk ischemia and warrants angiography. In nuclear cardiology questions, look for the factor that most directly changes tracer handling, image quality, or test interpretation. Exam tip: when the question asks for the next best step, choose the most appropriate immediate action for the stage described in the stem.",Nuclear cardiology
356,MCQ,Stress perfusion image shows a defect at the apex on stress images but not at rest. What does it show?,Reversible apical perfusion defect,Reversible defect of entire LAD area,Inferior wall ischemia,Apical infarct,,,A,A — Reversible apical perfusion defect,A stress-only apical defect indicates reversible apical ischemia.,A stress-only apical defect indicates reversible apical ischemia.,"Correct answer: A — Reversible apical perfusion defect. A stress-only apical defect indicates reversible apical ischemia. In nuclear cardiology questions, look for the factor that most directly changes tracer handling, image quality, or test interpretation. Exam tip: pick the option that best matches the whole stem, not just the first clue that looks familiar.",Nuclear cardiology
357,MCQ,Mitral inflow Doppler pattern with E:A >2 and deceleration time <150 ms is least likely compatible with which condition?,Chronic secondary mitral regurgitation,Severe mitral stenosis,Aortic stenosis with concentric LVH,Cardiac amyloidosis,Diastolic dysfunction,,B,B — Severe mitral stenosis,"This restrictive filling pattern fits severe diastolic dysfunction, not severe mitral stenosis.","This restrictive filling pattern fits severe diastolic dysfunction, not severe mitral stenosis.","Correct answer: B — Severe mitral stenosis. This restrictive filling pattern fits severe diastolic dysfunction, not severe mitral stenosis. Exam tip: pick the option that best matches the whole stem, not just the first clue that looks familiar.",Echo/Diastology
358,MCQ,Elderly woman with systolic murmur has chest X-ray showing enlargement highlighted by arrows. Most important finding?,Marked enlargement of main pulmonary artery,Marked enlargement of the aorta,Marked enlargement of the right pulmonary artery,Marked enlargement of the main and left pulmonary arteries,,,D,D — Marked enlargement of the main and left pulmonary arteries,The radiograph shows enlargement of both the main and left pulmonary arteries.,The radiograph shows enlargement of both the main and left pulmonary arteries.,"Correct answer: D — Marked enlargement of the main and left pulmonary arteries. The radiograph shows enlargement of both the main and left pulmonary arteries. Exam tip: for mechanism or pathology questions, anchor your choice to the defining morphologic or molecular hallmark.",Imaging/CXR
359,MCQ,Mitral M-mode shows premature MV closure and Doppler of aortic arch shows marked holodiastolic flow reversal. What is the diagnosis?,Acute severe aortic regurgitation,Chronic severe aortic regurgitation,Mitral stenosis,None of the above,,,A,A — Acute severe aortic regurgitation,Premature mitral valve closure with prominent holodiastolic flow reversal indicates acute severe AR.,Premature mitral valve closure with prominent holodiastolic flow reversal indicates acute severe AR.,"Correct answer: A — Acute severe aortic regurgitation. Premature mitral valve closure with prominent holodiastolic flow reversal indicates acute severe AR. Exam tip: pick the option that best matches the whole stem, not just the first clue that looks familiar.",Echo/Valves
360,MCQ,"22-year-old with syncope and non-sustained VT of LBBB morphology, normal LV, mildly dilated RV, TAPSE 15 mm. Most useful next test?",Cardiac magnetic resonance imaging,Electrophysiology testing,Endomyocardial biopsy,Loop recorder,,,A,A — Cardiac magnetic resonance imaging,CMR is the best test to evaluate arrhythmogenic RV cardiomyopathy.,CMR is the best test to evaluate arrhythmogenic RV cardiomyopathy.,"Correct answer: A — Cardiac magnetic resonance imaging. CMR is the best test to evaluate arrhythmogenic RV cardiomyopathy. Exam tip: when asked about investigation, select the test that most directly confirms the suspected diagnosis or answers the exact question being asked.",Arrhythmia/CMR
361,MCQ,"In heart failure, E:A ratio >1.5 with E-wave deceleration time 120 ms indicates:",Normal LV filling,Low filling pressure with reduced compliance,High filling pressure with increased compliance,Low filling pressure with increased compliance,High filling pressure with reduced LV compliance,,E,E — High filling pressure with reduced LV compliance,This is a restrictive filling pattern indicating elevated filling pressures and poor compliance.,This is a restrictive filling pattern indicating elevated filling pressures and poor compliance.,"Correct answer: E — High filling pressure with reduced LV compliance. This is a restrictive filling pattern indicating elevated filling pressures and poor compliance. Exam tip: pick the option that best matches the whole stem, not just the first clue that looks familiar.",Echo/Diastology
362,MCQ,"33-year-old with cardiac disease, GFR 28 mL/min, TSH 9.2 μIU/mL develops rapid AF. Best way to restore sinus rhythm?",DC cardioversion,Sotalol,Amiodarone,Digoxin,Verapamil,,A,A — DC cardioversion,Hypothyroidism and CKD make amiodarone and sotalol undesirable; synchronized cardioversion is best.,Hypothyroidism and CKD make amiodarone and sotalol undesirable; synchronized cardioversion is best.,"Correct answer: A — DC cardioversion. Hypothyroidism and CKD make amiodarone and sotalol undesirable; synchronized cardioversion is best. Exam tip: pick the option that best matches the whole stem, not just the first clue that looks familiar.",Arrhythmia
363,MCQ,"After cardiac transplantation, LDL is 180 mg/dL and triglycerides 115 mg/dL. Which lipid-lowering drug is most appropriate?",Ezetimibe,Lovastatin,Atorvastatin,Pravastatin,,,D,D — Pravastatin,Pravastatin has fewer CYP-mediated interactions with transplant immunosuppressants.,Pravastatin has fewer CYP-mediated interactions with transplant immunosuppressants.,"Correct answer: D — Pravastatin. Pravastatin has fewer CYP-mediated interactions with transplant immunosuppressants. Exam tip: pick the option that best matches the whole stem, not just the first clue that looks familiar.",Transplant/Cardiology
364,MCQ,Elevated venous pressure with absent x and y descents plus a prominent pulsus paradoxus most likely indicates:,Constrictive pericarditis,Restrictive cardiomyopathy,Tricuspid regurgitation,Pulmonary hypertension,Cardiac tamponade,,E,E — Cardiac tamponade,Prominent pulsus paradoxus with blunted venous descents is classic for tamponade.,Prominent pulsus paradoxus with blunted venous descents is classic for tamponade.,"Correct answer: E — Cardiac tamponade. Prominent pulsus paradoxus with blunted venous descents is classic for tamponade. Exam tip: pick the option that best matches the whole stem, not just the first clue that looks familiar.",Pericardial disease
365,MCQ,A systolic click that disappears on inspiration is most likely caused by:,Pulmonary valvular stenosis,Bicuspid aortic valve,Mitral valve prolapse,Pulmonary hypertension,,,A,A — Pulmonary valvular stenosis,Inspiration delays RV ejection and softens/abolishes the ejection click of pulmonary stenosis.,Inspiration delays RV ejection and softens/abolishes the ejection click of pulmonary stenosis.,"Correct answer: A — Pulmonary valvular stenosis. Inspiration delays RV ejection and softens/abolishes the ejection click of pulmonary stenosis. Exam tip: pick the option that best matches the whole stem, not just the first clue that looks familiar.",Auscultation
366,MCQ,All are known side effects of calcium-channel blockers except:,Peripheral edema,Gingival hyperplasia,Dyslipidemia,Negative inotropy,Negative chronotropy,,C,C — Dyslipidemia,CCBs do not cause dyslipidemia; the other listed adverse effects are recognized.,CCBs do not cause dyslipidemia; the other listed adverse effects are recognized.,"Correct answer: C — Dyslipidemia. CCBs do not cause dyslipidemia; the other listed adverse effects are recognized. Exam tip: pick the option that best matches the whole stem, not just the first clue that looks familiar.",Pharmacology
367,MCQ,Heart-failure patient on bisoprolol and ramipril has creatinine rise from 180 to 270 µmol/L and potassium from 4.8 to 5.5 mEq/L. Best management?,Continue meds and recheck in 1 week,Stop ramipril and recheck in 1 week,Add spironolactone and recheck in 1 week,Halve the ramipril dose and recheck in 1 week,Stop all meds and recheck in 1 week,,D,D — Halve the ramipril dose and recheck in 1 week,A moderate ACE-inhibitor dose reduction with close monitoring is preferred.,A moderate ACE-inhibitor dose reduction with close monitoring is preferred.,"Correct answer: D — Halve the ramipril dose and recheck in 1 week. A moderate ACE-inhibitor dose reduction with close monitoring is preferred. Exam tip: when the question asks for the next best step, choose the most appropriate immediate action for the stage described in the stem.",Heart failure
368,MCQ,All are consistent with severe mitral stenosis except:,Atrial fibrillation,Opening snap late after S2,Pulmonary congestion,Pulsatile liver,Right-ventricular heave,,B,B — Opening snap late after S2,A late opening snap suggests less severe mitral stenosis; severe MS usually has an early opening snap.,A late opening snap suggests less severe mitral stenosis; severe MS usually has an early opening snap.,"Correct answer: B — Opening snap late after S2. A late opening snap suggests less severe mitral stenosis; severe MS usually has an early opening snap. In valvular questions, timing of symptoms, prosthesis type, and echocardiographic morphology are major clues to the underlying valve complication. Exam tip: pick the option that best matches the whole stem, not just the first clue that looks familiar.",Valvular
369,MCQ,"Three days after STEMI and stenting, patient has recurrent chest pain. Which test best detects new myocardial injury?",Echocardiogram,ECG,Serum myoglobin,Troponin-I,Troponin-T,,C,C — Serum myoglobin,"Myoglobin normalizes quickly, so a new rise can indicate reinfarction when troponins remain elevated.","Myoglobin normalizes quickly, so a new rise can indicate reinfarction when troponins remain elevated.","Correct answer: C — Serum myoglobin. Myoglobin normalizes quickly, so a new rise can indicate reinfarction when troponins remain elevated. Exam tip: when asked about investigation, select the test that most directly confirms the suspected diagnosis or answers the exact question being asked.",Biomarkers
370,MCQ,Elderly woman in cardiogenic shock was mistakenly given 100 mg IV metoprolol and remains bradycardic/hypotensive despite norepinephrine and dopamine. Next step?,Glucagon and milrinone,Glucagon and dobutamine,Intra-aortic balloon pump,Fluid resuscitation,Transvenous pacemaker,,A,A — Glucagon and milrinone,"In beta-blocker overdose, glucagon bypasses beta receptors and milrinone can improve inotropy.","In beta-blocker overdose, glucagon bypasses beta receptors and milrinone can improve inotropy.","Correct answer: A — Glucagon and milrinone. In beta-blocker overdose, glucagon bypasses beta receptors and milrinone can improve inotropy. Exam tip: when the question asks for the next best step, choose the most appropriate immediate action for the stage described in the stem.",Toxicology
371,MCQ,"Adult with repaired TOF now has exercise intolerance, RV dilation, moderate-severe pulmonary regurgitation, and QRS 160 ms. Most reasonable next test?",Repeat echo with saline contrast,Electrophysiology study,Cardiac catheterization,Cardiac magnetic resonance imaging,Diuretics and digitalis,,D,D — Cardiac magnetic resonance imaging,CMR is the gold standard for RV size and pulmonary regurgitant fraction in repaired TOF.,CMR is the gold standard for RV size and pulmonary regurgitant fraction in repaired TOF.,"Correct answer: D — Cardiac magnetic resonance imaging. CMR is the gold standard for RV size and pulmonary regurgitant fraction in repaired TOF. Exam tip: when asked about investigation, select the test that most directly confirms the suspected diagnosis or answers the exact question being asked.",Congenital/CMR
372,MCQ,Holter strip shows third-degree AV block with pauses >3 seconds in a patient in sinus rhythm. Next best step?,ICD,Implantable loop recorder,Reassurance with repeat Holter in 6 months,Dual-chamber permanent pacemaker,Single-chamber permanent pacemaker,,D,D — Dual-chamber permanent pacemaker,Complete AV block with significant pauses requires permanent pacing; dual-chamber pacing is preferred in sinus rhythm.,Complete AV block with significant pauses requires permanent pacing; dual-chamber pacing is preferred in sinus rhythm.,"Correct answer: D — Dual-chamber permanent pacemaker. Complete AV block with significant pauses requires permanent pacing; dual-chamber pacing is preferred in sinus rhythm. Exam tip: when the question asks for the next best step, choose the most appropriate immediate action for the stage described in the stem.",Arrhythmia
373,MCQ,Cardiogenic shock with new holosystolic murmur 3 days after MI and extreme orthopnea on lying flat is slightly more characteristic of:,Ventricular septal rupture,Acute severe mitral regurgitation,Contained LV free-wall rupture,Large pericardial effusion without tamponade,,,B,B — Acute severe mitral regurgitation,Flash pulmonary edema and extreme immediate orthopnea are more characteristic of acute severe MR.,Flash pulmonary edema and extreme immediate orthopnea are more characteristic of acute severe MR.,"Correct answer: B — Acute severe mitral regurgitation. Flash pulmonary edema and extreme immediate orthopnea are more characteristic of acute severe MR. Exam tip: pick the option that best matches the whole stem, not just the first clue that looks familiar.",ACS/Mechanical complications
374,MCQ,Hypertensive man with mild LVH and mild LA dilatation. Which medication is most effective in preventing atrial fibrillation?,ACE inhibitors,Beta-blockers,Calcium-channel antagonists,Diuretics,Alpha-blockers,,A,A — ACE inhibitors,ACE inhibitors/ARBs reduce atrial pressure and fibrosis and help prevent AF in hypertensive LVH.,ACE inhibitors/ARBs reduce atrial pressure and fibrosis and help prevent AF in hypertensive LVH.,"Correct answer: A — ACE inhibitors. ACE inhibitors/ARBs reduce atrial pressure and fibrosis and help prevent AF in hypertensive LVH. Exam tip: pick the option that best matches the whole stem, not just the first clue that looks familiar.",Hypertension/AF
375,MCQ,"65-year-old diabetic man with prior MI and AF, LVEF 55%, no symptoms. Best thromboprophylaxis?",High-dose aspirin,Aspirin and clopidogrel,Aspirin and warfarin,Aspirin or warfarin,Warfarin,,E,E — Warfarin,"With CHA2DS2-VASc 3, oral anticoagulation is indicated; aspirin is insufficient.","With CHA2DS2-VASc 3, oral anticoagulation is indicated; aspirin is insufficient.","Correct answer: E — Warfarin. With CHA2DS2-VASc 3, oral anticoagulation is indicated; aspirin is insufficient. Exam tip: pick the option that best matches the whole stem, not just the first clue that looks familiar.",AF/Anticoagulation
376,MCQ,Patient with persistent AF on warfarin has NSTEMI and receives a DES in the LAD. Best post-PCI antithrombotic regimen in this item?,"Aspirin + clopidogrel + warfarin for 1 month, then warfarin alone","Aspirin + clopidogrel + warfarin for 1 month, then warfarin + clopidogrel for 11 months, then warfarin alone","Aspirin + clopidogrel + warfarin for 6 months, then warfarin + clopidogrel for 6 months, then warfarin alone","Aspirin + clopidogrel + warfarin for 12 months, then warfarin alone","Aspirin + warfarin for 12 months, then clopidogrel alone",,C,"C — Aspirin + clopidogrel + warfarin for 6 months, then warfarin + clopidogrel for 6 months, then warfarin alone","Triple therapy is used for a limited time after DES, followed by anticoagulant plus clopidogrel until 12 months, then anticoagulant alone.","Triple therapy is used for a limited time after DES, followed by anticoagulant plus clopidogrel until 12 months, then anticoagulant alone.","Correct answer: C — Aspirin + clopidogrel + warfarin for 6 months, then warfarin + clopidogrel for 6 months, then warfarin alone. Triple therapy is used for a limited time after DES, followed by anticoagulant plus clopidogrel until 12 months, then anticoagulant alone. Exam tip: pick the option that best matches the whole stem, not just the first clue that looks familiar.",ACS/Anticoagulation
377,MCQ,"75-year-old woman with prior MI, LVEF 35%, and CHF asks if dronedarone can replace amiodarone. What is the advice?",More effective than amiodarone for sinus rhythm,No effect on ventricular rate during AF,Contraindicated in NYHA class IV heart failure patients,Suitable because she is diabetic and >70,More ocular side effects than amiodarone,,C,C — Contraindicated in NYHA class IV heart failure patients,Dronedarone is contraindicated in significant or recently decompensated heart failure because of increased mortality.,Dronedarone is contraindicated in significant or recently decompensated heart failure because of increased mortality.,"Correct answer: C — Contraindicated in NYHA class IV heart failure patients. Dronedarone is contraindicated in significant or recently decompensated heart failure because of increased mortality. Exam tip: pick the option that best matches the whole stem, not just the first clue that looks familiar.",AF/Pharmacology
378,MCQ,"55-year-old man with HFrEF NYHA III, no fluid overload, on bisoprolol and ramipril with stable labs. Which medication should be chosen next?",Furosemide 40 mg daily,Spironolactone 25 mg daily,Digoxin 62.5 mcg daily,Hydralazine 37.5 mg + isosorbide dinitrate 20 mg daily,Candesartan 4 mg daily,,B,B — Spironolactone 25 mg daily,Mineralocorticoid receptor antagonists reduce mortality in symptomatic HFrEF when renal function and potassium allow.,Mineralocorticoid receptor antagonists reduce mortality in symptomatic HFrEF when renal function and potassium allow.,"Correct answer: B — Spironolactone 25 mg daily. Mineralocorticoid receptor antagonists reduce mortality in symptomatic HFrEF when renal function and potassium allow. Exam tip: pick the option that best matches the whole stem, not just the first clue that looks familiar.",Heart failure
379,MCQ,A thrill with a continuous machinery murmur in the left infraclavicular area is indicative of:,Patent ductus arteriosus,Left-arm AV fistula for dialysis,Venous hum,Pulmonary AV fistula,,,A,A — Patent ductus arteriosus,A continuous machinery murmur with thrill is classic for PDA.,A continuous machinery murmur with thrill is classic for PDA.,"Correct answer: A — Patent ductus arteriosus. A continuous machinery murmur with thrill is classic for PDA. In congenital cardiology, pulse discrepancies, murmur location, and the distribution of cyanosis usually point directly to the underlying anatomy. Exam tip: pick the option that best matches the whole stem, not just the first clue that looks familiar.",Congenital
380,MCQ,A continuous murmur in the parasternal region of a healthy adult that diminishes when lying down or with jugular pressure is most likely:,Patent ductus arteriosus,Aortic regurgitation,Venous hum,Arteriovenous fistula,,,C,C — Venous hum,A positional continuous murmur abolished by jugular pressure is a venous hum.,A positional continuous murmur abolished by jugular pressure is a venous hum.,"Correct answer: C — Venous hum. A positional continuous murmur abolished by jugular pressure is a venous hum. Exam tip: pick the option that best matches the whole stem, not just the first clue that looks familiar.",Auscultation
381,MCQ,"5-year-old with 5 days of fever, bilateral conjunctival injection, trunk rash, cracked red lips, swollen hands/feet, and cervical lymphadenopathy. Most likely diagnosis?",Scarlet fever,Kawasaki disease,Rheumatic fever,Hand-foot-and-mouth disease,,,B,B — Kawasaki disease,This is classic Kawasaki disease with mucocutaneous features and cervical adenitis.,This is classic Kawasaki disease with mucocutaneous features and cervical adenitis.,"Correct answer: B — Kawasaki disease. This is classic Kawasaki disease with mucocutaneous features and cervical adenitis. Exam tip: for diagnosis questions, identify the single option that explains the entire clinical pattern rather than only one isolated clue.",Pediatrics
382,MCQ,Patient with acute pericarditis treated with ibuprofen has recurrent chest pain. Best next management step?,Add colchicine,Increase ibuprofen dose,Start corticosteroids,Perform pericardiocentesis,,,A,A — Add colchicine,Colchicine reduces recurrence when added to NSAID therapy.,Colchicine reduces recurrence when added to NSAID therapy.,"Correct answer: A — Add colchicine. Colchicine reduces recurrence when added to NSAID therapy. Exam tip: when the question asks for the next best step, choose the most appropriate immediate action for the stage described in the stem.",Pericardial disease
383,MCQ,"25-year-old confused, dyspneic, and petechial 48 hours after femur fracture. Most likely diagnosis?",Pulmonary embolism,Fat embolism syndrome,Sepsis,Air embolism,,,B,B — Fat embolism syndrome,"Long-bone fracture followed by hypoxemia, neurologic symptoms, and petechiae suggests fat embolism syndrome.","Long-bone fracture followed by hypoxemia, neurologic symptoms, and petechiae suggests fat embolism syndrome.","Correct answer: B — Fat embolism syndrome. Long-bone fracture followed by hypoxemia, neurologic symptoms, and petechiae suggests fat embolism syndrome. Exam tip: for diagnosis questions, identify the single option that explains the entire clinical pattern rather than only one isolated clue.",Trauma
384,MCQ,"Within 24 hours of MI, patient develops sudden palpitations and hypotension. Most likely early complication?",Cardiogenic shock,Arrhythmias,Ventricular free-wall rupture,Papillary muscle rupture,,,B,B — Arrhythmias,Arrhythmias are the most common early complication in the first 24–48 hours after MI.,Arrhythmias are the most common early complication in the first 24–48 hours after MI.,Correct answer: B — Arrhythmias. Arrhythmias are the most common early complication in the first 24–48 hours after MI. Exam tip: distinguish between the most likely event in this specific patient and the most common complication overall.,ACS/Complications
385,MCQ,Which bedside feature correlates with severity of aortic regurgitation?,Intensity of S2,Duration of murmur,Timing of murmur in the cardiac cycle,Presence of an ejection click,,,B,B — Duration of murmur,Severe AR produces a longer diastolic murmur because regurgitation persists through diastole.,Severe AR produces a longer diastolic murmur because regurgitation persists through diastole.,"Correct answer: B — Duration of murmur. Severe AR produces a longer diastolic murmur because regurgitation persists through diastole. In valvular questions, timing of symptoms, prosthesis type, and echocardiographic morphology are major clues to the underlying valve complication. Exam tip: pick the option that best matches the whole stem, not just the first clue that looks familiar.",Valvular
386,MCQ,"After femoral coronary angiography, patient develops tachycardia, dizziness, and hypotension. Best diagnostic test for the complication?",Abdominal X-ray,CT abdomen and pelvis,Abdominal ultrasound,Echocardiography,,,B,B — CT abdomen and pelvis,Retroperitoneal hemorrhage after femoral access is best detected with CT abdomen/pelvis.,Retroperitoneal hemorrhage after femoral access is best detected with CT abdomen/pelvis.,"Correct answer: B — CT abdomen and pelvis. Retroperitoneal hemorrhage after femoral access is best detected with CT abdomen/pelvis. Exam tip: when asked about investigation, select the test that most directly confirms the suspected diagnosis or answers the exact question being asked.",Cath complications
387,MCQ,Patient with tuberculosis has dyspnea and enlarged cardiac shadow on chest X-ray. Next best step?,Echocardiography,Lateral chest X-ray,Cardiac MRI,CT chest,,,A,A — Echocardiography,Echo is the best next test to assess for pericardial effusion or constriction in this setting.,Echo is the best next test to assess for pericardial effusion or constriction in this setting.,"Correct answer: A — Echocardiography. Echo is the best next test to assess for pericardial effusion or constriction in this setting. Exam tip: when the question asks for the next best step, choose the most appropriate immediate action for the stage described in the stem.",Pericardial disease
388,MCQ,"NSTEMI patient: RCA 60% stenosis with FFR 0.75, LAD 50% with FFR 0.80, LCx 60% with FFR 0.80. Best management?",PCI of LAD and LCx,PCI of all lesions,PCI of RCA,Medical management only,,,C,C — PCI of RCA,Only the RCA lesion is clearly functionally significant with FFR 0.75.,Only the RCA lesion is clearly functionally significant with FFR 0.75.,"Correct answer: C — PCI of RCA. Only the RCA lesion is clearly functionally significant with FFR 0.75. Exam tip: when the question asks for the next best step, choose the most appropriate immediate action for the stage described in the stem.",Coronary physiology
389,MCQ,Patient with AF develops intracranial hemorrhage. What is the best course over the next 3 days?,Stop all anticoagulants,Perform LAAO,Restart anticoagulation at reduced dose,Switch to full-dose heparin,,,A,A — Stop all anticoagulants,"During acute ICH, anticoagulation should be stopped immediately.","During acute ICH, anticoagulation should be stopped immediately.","Correct answer: A — Stop all anticoagulants. During acute ICH, anticoagulation should be stopped immediately. Exam tip: pick the option that best matches the whole stem, not just the first clue that looks familiar.",Stroke/Anticoagulation
390,MCQ,Optimal time to perform PCI after giving streptokinase in STEMI?,Immediately after streptokinase,Within 6 hours,Within 24 hours,After 48 hours,,,C,C — Within 24 hours,A pharmaco-invasive approach after streptokinase generally targets PCI within 24 hours.,A pharmaco-invasive approach after streptokinase generally targets PCI within 24 hours.,"Correct answer: C — Within 24 hours. A pharmaco-invasive approach after streptokinase generally targets PCI within 24 hours. Exam tip: pick the option that best matches the whole stem, not just the first clue that looks familiar.",STEMI
391,MCQ,Heart-failure patient with poorly controlled diabetes on metformin is being evaluated for additional therapy. Which drug offers the most benefit?,Sulfonylurea,Insulin,Dapagliflozin,Pioglitazone,,,C,C — Dapagliflozin,SGLT2 inhibitors improve glycemic control and reduce heart-failure events.,SGLT2 inhibitors improve glycemic control and reduce heart-failure events.,"Correct answer: C — Dapagliflozin. SGLT2 inhibitors improve glycemic control and reduce heart-failure events. Exam tip: pick the option that best matches the whole stem, not just the first clue that looks familiar.",Heart failure/Diabetes
392,MCQ,"In a patient with a ventricular pacemaker, which JVP finding is commonly observed?",Cannon A waves,Giant A waves,Absent A wave,Normal A waves,,,A,A — Cannon A waves,AV dyssynchrony with ventricular pacing commonly produces cannon A waves.,AV dyssynchrony with ventricular pacing commonly produces cannon A waves.,"Correct answer: A — Cannon A waves. AV dyssynchrony with ventricular pacing commonly produces cannon A waves. Exam tip: for mechanism or pathology questions, anchor your choice to the defining morphologic or molecular hallmark.",Pacing
393,MCQ,"Patient in shock has CVP 2 mmHg, PCWP 6 mmHg, and SVR 2400 dyn·s·cm⁻⁵. Most likely type of shock?",Cardiogenic shock,Septic shock,Hypovolemic shock,Neurogenic shock,,,C,C — Hypovolemic shock,Low preload with compensatory high SVR indicates hypovolemic shock.,Low preload with compensatory high SVR indicates hypovolemic shock.,"Correct answer: C — Hypovolemic shock. Low preload with compensatory high SVR indicates hypovolemic shock. Exam tip: pick the option that best matches the whole stem, not just the first clue that looks familiar.",Shock
394,MCQ,"Patient with typical chest pain, normal ECG, and elevated cardiac enzymes. Next best management?",Discharge the patient,Admit with follow-up ECG and enzyme monitoring,Give aspirin and nitrate then discharge,Perform an immediate stress test,,,B,B — Admit with follow-up ECG and enzyme monitoring,This is NSTEMI until proven otherwise and requires admission and monitoring.,This is NSTEMI until proven otherwise and requires admission and monitoring.,"Correct answer: B — Admit with follow-up ECG and enzyme monitoring. This is NSTEMI until proven otherwise and requires admission and monitoring. In ACS questions, combine the ECG pattern with the hemodynamic picture and choose the option that best explains the full ischemic territory or high-risk culprit lesion. Exam tip: when the question asks for the next best step, choose the most appropriate immediate action for the stage described in the stem.",ACS
395,MCQ,Patient scheduled for cholecystectomy develops high-risk NSTEMI before surgery. Best management strategy?,Proceed with surgery after anticoagulation,Perform PCI and defer surgery,Give glycoprotein IIb/IIIa inhibitors and defer surgery,Postpone surgery and manage medically only,,,B,B — Perform PCI and defer surgery,"High-risk NSTEMI should be stabilized with PCI, and noncardiac surgery should be deferred.","High-risk NSTEMI should be stabilized with PCI, and noncardiac surgery should be deferred.","Correct answer: B — Perform PCI and defer surgery. High-risk NSTEMI should be stabilized with PCI, and noncardiac surgery should be deferred. Exam tip: when the question asks for the next best step, choose the most appropriate immediate action for the stage described in the stem.",Perioperative/ACS
396,MCQ,Unstable angina patient has 60% borderline LAD stenosis on angiography. Best test to assess functional significance?,Fractional flow reserve,PET,Stress echocardiography,Cardiac MRI,,,A,A — Fractional flow reserve,FFR is the best invasive test to determine hemodynamic significance of an intermediate coronary lesion.,FFR is the best invasive test to determine hemodynamic significance of an intermediate coronary lesion.,"Correct answer: A — Fractional flow reserve. FFR is the best invasive test to determine hemodynamic significance of an intermediate coronary lesion. Exam tip: when asked about investigation, select the test that most directly confirms the suspected diagnosis or answers the exact question being asked.",Coronary physiology
397,MCQ,"During right-heart catheterization, there is a step-up in oxygen saturation at the level of the right atrium. Most likely diagnosis?",ASD primum,ASD secundum,Patent ductus arteriosus,Ventricular septal defect,,,B,B — ASD secundum,"A step-up in RA saturation indicates atrial-level left-to-right shunting, most commonly ASD secundum.","A step-up in RA saturation indicates atrial-level left-to-right shunting, most commonly ASD secundum.","Correct answer: B — ASD secundum. A step-up in RA saturation indicates atrial-level left-to-right shunting, most commonly ASD secundum. In congenital cardiology, pulse discrepancies, murmur location, and the distribution of cyanosis usually point directly to the underlying anatomy. Exam tip: for diagnosis questions, identify the single option that explains the entire clinical pattern rather than only one isolated clue.",Congenital
398,MCQ,10-year-old boy has recurrent seizure-like episodes during play with normal exam and no family history of sudden death. Next best step?,Refer to a neurologist,Perform an ECG and test for Long QT syndrome,Start antiepileptic medication,Perform CT scan of the brain,,,B,B — Perform an ECG and test for Long QT syndrome,Exercise-related seizure-like episodes can reflect arrhythmia; ECG is essential to evaluate Long QT syndrome.,Exercise-related seizure-like episodes can reflect arrhythmia; ECG is essential to evaluate Long QT syndrome.,"Correct answer: B — Perform an ECG and test for Long QT syndrome. Exercise-related seizure-like episodes can reflect arrhythmia; ECG is essential to evaluate Long QT syndrome. Exam tip: when the question asks for the next best step, choose the most appropriate immediate action for the stage described in the stem.",Pediatrics/Arrhythmia
399,MCQ,COPD patient develops dyspnea and cough one hour after pacemaker insertion. Most likely diagnosis?,Pulmonary embolism,COPD exacerbation,Cardiac tamponade,Pneumothorax,,,D,D — Pneumothorax,"Pneumothorax is a common early complication of pacemaker insertion, especially in COPD.","Pneumothorax is a common early complication of pacemaker insertion, especially in COPD.","Correct answer: D — Pneumothorax. Pneumothorax is a common early complication of pacemaker insertion, especially in COPD. Exam tip: for diagnosis questions, identify the single option that explains the entire clinical pattern rather than only one isolated clue.",Procedure complications
400,MCQ,"After pacemaker insertion in a COPD patient, which complication is most likely when acute dyspnea and cough occur within one hour?",Pulmonary embolism,COPD exacerbation,Cardiac tamponade,Pneumothorax,,,D,D — Pneumothorax,The timing and risk profile strongly favor pneumothorax after pacemaker insertion.,The timing and risk profile strongly favor pneumothorax after pacemaker insertion.,Correct answer: D — Pneumothorax. The timing and risk profile strongly favor pneumothorax after pacemaker insertion. Exam tip: distinguish between the most likely event in this specific patient and the most common complication overall.,Procedure complications
